"conversation_id_str","created_at","favorite_count","full_text","id_str","image_url","in_reply_to_screen_name","lang","location","quote_count","reply_count","retweet_count","tweet_url","user_id_str","username"
"1915677279323107588","Fri Apr 25 09:56:32 +0000 2025","0","@jamalludi456 Kritik dikit dibilang makar padahal yang makar tuh integritas kalian #PembungakamDemokrasi #PembungkamanPers #persdanmahasiswadibungkam","1915706485814022400","","secretinpublic_","in","","0","0","0","https://x.com/undefined/status/1915706485814022400","1889348018190815232",
"1915698132178129111","Fri Apr 25 09:23:21 +0000 2025","0","PEMBUNGKAMAN PERS!!! ABUSE OF POWER YANG DILAKUKAN KEJAKSAAN AGUNG!!! APAKAH ADA SESUATU YANG MEMBUAT KEJAKSAAN TAKUT DAN LANGSUNG BUNGKAM???!!!! #PembungakamDemokrasi #PembungkamanPers #persdanmahasiswadibungkam","1915698132178129111","","","in","","0","0","0","https://x.com/undefined/status/1915698132178129111","1889325899176374272",
"1915090748351058260","Fri Apr 25 09:08:43 +0000 2025","0","@AdhieMassardi Kejaksaan alergi kritik kah? Dan takut kebenaran?? #PembungakamDemokrasi #PembungkamanPers #persdanmahasiswadibungkam","1915694448832393552","","AdhieMassardi","in","","0","0","0","https://x.com/undefined/status/1915694448832393552","1884260432300630019",
"1915692495599747285","Fri Apr 25 09:00:57 +0000 2025","0","Framing negatif katanya. Lah yang negatif bukan framenya tapi isinya. Isi institusinya busuk maling teriak maling #PembungakamDemokrasi #PembungkamanPers #persdanmahasiswadibungkam","1915692495599747285","","","in","","0","0","0","https://x.com/undefined/status/1915692495599747285","1889348018190815232",
"1915692193484066980","Fri Apr 25 08:59:45 +0000 2025","0","Kejaksaan panik kayak tikus disiram air. Bukan karena fitnah tapi karena kenyataan mulai terkuak #PembungakamDemokrasi #PembungkamanPers #persdanmahasiswadibungkam","1915692193484066980","","","in","","0","0","0","https://x.com/undefined/status/1915692193484066980","1889348018190815232",
"1915691887287271902","Fri Apr 25 08:58:32 +0000 2025","0","Ngaku penegak hukum tapi kelakuan kayak bajingan berseragam. Kritik langsung di-kriminalisasi emang dasarnya otak tempe #PembungakamDemokrasi #PembungkamanPers #persdanmahasiswadibungkam","1915691887287271902","","","in","","0","0","0","https://x.com/undefined/status/1915691887287271902","1889348018190815232",
"1915691746975244407","Fri Apr 25 08:57:58 +0000 2025","0","Kejaksaan ini bukan takut difitnah tapi takut aibnya kebongkar. Makanya yang ngungkap malah dijadikan tersangka. Mental pengecut kelas kakap #PembungakamDemokrasi #PembungkamanPers #persdanmahasiswadibungkam","1915691746975244407","","","in","","0","0","0","https://x.com/undefined/status/1915691746975244407","1889348018190815232",
"1915691441168191607","Fri Apr 25 08:56:46 +0000 2025","0","Kalau nggak mau diberitain jelek ya kerja bener goblok! Bukan tangkep orang yang ngasih cermin. #PembungakamDemokrasi #PembungkamanPers #persdanmahasiswadibungkam","1915691441168191607","","","in","","0","0","0","https://x.com/undefined/status/1915691441168191607","1889348018190815232",
"1915691258988945508","Fri Apr 25 08:56:02 +0000 2025","0","Kejaksaan ngaku lembaga hukum kelakuan kayak preman pasar. Kritik dikit langsung main borgol. #PembungakamDemokrasi #PembungkamanPers #persdanmahasiswadibungkam","1915691258988945508","","","in","","0","0","0","https://x.com/undefined/status/1915691258988945508","1889348018190815232",
"1915690536637546765","Fri Apr 25 08:53:10 +0000 2025","1","Abuse of power kejaksaan!!! Baru di kritik dikit ajah langsung di bungkam ini negara demokrasii!!!! jangan antj kritik dong!!! Sampe Sepanik itu takut permainan nya bener ketauan?? #PembungakamDemokrasi #PembungkamanPers #persdanmahasiswadibungkam","1915690536637546765","","","in","","0","0","0","https://x.com/undefined/status/1915690536637546765","1896958764353568769",
"1915677279323107588","Fri Apr 25 08:19:32 +0000 2025","0","@jamalludi456 Jangan sampai uang yang berbicara #PembungakamDemokrasi #PembungkamanPers #persdanmahasiswadibungkam","1915682072443969742","","secretinpublic_","in","","0","0","0","https://x.com/undefined/status/1915682072443969742","1863990942694526976",
"1915677279323107588","Fri Apr 25 08:19:24 +0000 2025","0","@jamalludi456 Pemerintahan indonesia kalo gni trs bs ambruk #PembungakamDemokrasi #PembungkamanPers #persdanmahasiswadibungkam","1915682041242542239","","secretinpublic_","in","","0","0","0","https://x.com/undefined/status/1915682041242542239","1863990942694526976",
"1915677279323107588","Fri Apr 25 08:14:28 +0000 2025","0","@jamalludi456 INI NEGARA APAAN? NEGARA KEJAKSAAN?? HAHAHAHAH #PembungakamDemokrasi #PembungkamanPers #persdanmahasiswadibungkam","1915680795819467013","","secretinpublic_","in","","0","0","0","https://x.com/undefined/status/1915680795819467013","1863990942694526976",
"1915677279323107588","Fri Apr 25 08:13:56 +0000 2025","0","@jamalludi456 Kejaksaan kenapa dah?? Berulah mulu saldo lu pada di atm msih kurang kah? #PembungakamDemokrasi #PembungkamanPers #persdanmahasiswadibungkam","1915680663023575062","","secretinpublic_","in","","0","0","0","https://x.com/undefined/status/1915680663023575062","1863990942694526976",
"1915677279323107588","Fri Apr 25 08:13:27 +0000 2025","0","@jamalludi456 Kritik dikit masa ga boleh?? #PembungakamDemokrasi #PembungkamanPers #persdanmahasiswadibungkam","1915680541187199280","","secretinpublic_","in","","0","0","0","https://x.com/undefined/status/1915680541187199280","1863990942694526976",
"1915090748351058260","Thu Apr 24 15:41:45 +0000 2025","0","@AdhieMassardi Demokrasi butuh kebebasan bicara bukan intimidasi. Kejaksaan anying #PembungkamanDemokrasi #PembungkamanPers #FlimtyRealityShow","1915430974198030489","","secretinpublic_","in","","0","0","0","https://x.com/undefined/status/1915430974198030489","1903009260843520000",
"1915090748351058260","Thu Apr 24 15:41:36 +0000 2025","0","@dudungtakdun9 @AdhieMassardi Demokrasi butuh kebebasan bicara bukan intimidasi. Kejaksaan anying #PembungkamanDemokrasi #PembungkamanPers #FlimtyRealityShow","1915430934402531725","","dudungtakdun9","in","","0","0","0","https://x.com/undefined/status/1915430934402531725","1903009260843520000",
"1914948465609859203","Thu Apr 24 15:41:17 +0000 2025","0","@tvOneNews Kejaksaan jancok #PembungkamanDemokrasi #PembungkamanPers #FlimtyRealityShow","1915430856807817723","","tvOneNews","in","","0","0","0","https://x.com/undefined/status/1915430856807817723","1874497768896757762",
"1915090748351058260","Thu Apr 24 15:41:14 +0000 2025","0","@AdhieMassardi Demokrasi butuh kebebasan bicara bukan intimidasi. Kejaksaan anying #PembungkamanDemokrasi #PembungkamanPers #FlimtyRealityShow","1915430844082381261","","secretinpublic_","in","","0","0","0","https://x.com/undefined/status/1915430844082381261","1903009260843520000",
"1914948465609859203","Thu Apr 24 15:40:34 +0000 2025","0","@tvOneNews Kejaksaan woy bisa makan ga #PembungkamanDemokrasi #PembungkamanPers #FlimtyRealityShow","1915430674133377484","","tvOneNews","in","","0","0","0","https://x.com/undefined/status/1915430674133377484","1874497768896757762",
"1914948465609859203","Thu Apr 24 15:40:23 +0000 2025","0","@tvOneNews Kejaksaan bisa kerja ga #PembungkamanDemokrasi #PembungkamanPers #FlimtyRealityShow","1915430628553527693","","tvOneNews","in","","0","0","0","https://x.com/undefined/status/1915430628553527693","1874497768896757762",
"1914948465609859203","Thu Apr 24 15:39:59 +0000 2025","0","@tvOneNews Kejaksaan tai #PembungkamanDemokrasi #PembungkamanPers #FlimtyRealityShow","1915430526208663785","","tvOneNews","in","","0","0","0","https://x.com/undefined/status/1915430526208663785","1874497768896757762",
"1914948465609859203","Thu Apr 24 15:39:05 +0000 2025","1","@tvOneNews KEJAGUNG TAHIIII #PembungkamanDemokrasi #PembungkamanPers","1915430303067459876","","tvOneNews","in","","0","0","0","https://x.com/undefined/status/1915430303067459876","1896958764353568769",
"1914948465609859203","Thu Apr 24 15:38:49 +0000 2025","0","@tvOneNews Kejaksaan gagal bedakan kritik dan kejahatan. #PembungkamanDemokrasi #PembungkamanPers","1915430232619925806","","tvOneNews","in","","0","0","0","https://x.com/undefined/status/1915430232619925806","1874497768896757762",
"1914948465609859203","Thu Apr 24 15:38:41 +0000 2025","0","@tvOneNews Jaksa sekarang doyan sensi bukan investigasi. #PembungkamanDemokrasi #PembungkamanPers","1915430202328703380","","tvOneNews","in","","0","0","0","https://x.com/undefined/status/1915430202328703380","1874497768896757762",
"1914948465609859203","Thu Apr 24 15:38:34 +0000 2025","0","@tvOneNews Kejaksaan makin sibuk urus berita lupa urus keadilan. #PembungkamanDemokrasi #PembungkamanPers","1915430170468782334","","tvOneNews","in","","0","0","0","https://x.com/undefined/status/1915430170468782334","1874497768896757762",
"1914948465609859203","Thu Apr 24 15:38:24 +0000 2025","0","@tvOneNews Kejaksaan bukan lembaga hukum tapi lembaga baper. #PembungkamanDemokrasi #PembungkamanPers","1915430127762362698","","tvOneNews","in","","0","0","0","https://x.com/undefined/status/1915430127762362698","1874497768896757762",
"1914948465609859203","Thu Apr 24 15:38:10 +0000 2025","0","@tvOneNews Media kritis dianggap musuh. Demokrasi tinggal nama. #PembungkamanDemokrasi #PembungkamanPers","1915430070833078386","","tvOneNews","in","","0","0","0","https://x.com/undefined/status/1915430070833078386","1874497768896757762",
"1914948465609859203","Thu Apr 24 15:37:53 +0000 2025","0","@tvOneNews Bukannya klarifikasi malah kriminalisasi. #PembungkamanDemokrasi #PembungkamanPers","1915430001387917728","","tvOneNews","in","","0","0","0","https://x.com/undefined/status/1915430001387917728","1874497768896757762",
"1914948465609859203","Thu Apr 24 15:37:46 +0000 2025","0","@tvOneNews Mereka lebih cepat tangkap jurnalis daripada koruptor. #PembungkamanDemokrasi #PembungkamanPers","1915429969087602975","","tvOneNews","in","","0","0","0","https://x.com/undefined/status/1915429969087602975","1874497768896757762",
"1914909826980962346","Thu Apr 24 15:37:36 +0000 2025","1","@JembzCoeey KEJAKSAAN TAI! #PembungkamanDemokrasi #PembungkamanPers","1915429926502883723","","JembzCoeey","in","","0","0","0","https://x.com/undefined/status/1915429926502883723","1724349251361374208",
"1914948465609859203","Thu Apr 24 15:37:21 +0000 2025","0","@tvOneNews Saat pers dibungkam kejahatan dibiarkan merajalela. #PembungkamanDemokrasi #PembungkamanPers","1915429864754319477","","tvOneNews","in","","0","0","0","https://x.com/undefined/status/1915429864754319477","1874497768896757762",
"1914948465609859203","Thu Apr 24 15:37:14 +0000 2025","0","@tvOneNews Jaksa takut disorot? Mungkin ada yang perlu dibongkar. #PembungkamanDemokrasi #PembungkamanPers","1915429834815422825","","tvOneNews","in","","0","0","0","https://x.com/undefined/status/1915429834815422825","1874497768896757762",
"1914948465609859203","Thu Apr 24 15:37:05 +0000 2025","0","@tvOneNews Kejaksaan maunya media jadi corong bukan kontrol. #PembungkamanDemokrasi #PembungkamanPers","1915429798777938376","","tvOneNews","in","","0","0","0","https://x.com/undefined/status/1915429798777938376","1874497768896757762",
"1915090748351058260","Thu Apr 24 15:37:04 +0000 2025","0","@AdhieMassardi Demokrasi butuh kebebasan bicara bukan intimidasi. Kejaksaan anying #PembungkamanDemokrasi #PembungkamanPers","1915429794780709327","","secretinpublic_","in","","0","0","0","https://x.com/undefined/status/1915429794780709327","1903009260843520000",
"1914948465609859203","Thu Apr 24 15:36:57 +0000 2025","0","@tvOneNews Jaksa bukan dewa kenapa takut dikritik? #PembungkamanDemokrasi #PembungkamanPers","1915429765483520442","","tvOneNews","in","","0","0","0","https://x.com/undefined/status/1915429765483520442","1874497768896757762",
"1914948465609859203","Thu Apr 24 15:36:49 +0000 2025","0","@tvOneNews Mereka tak suka transparansi karena takut ketahuan. #PembungkamanDemokrasi #PembungkamanPers","1915429729764585944","","tvOneNews","in","","0","0","0","https://x.com/undefined/status/1915429729764585944","1874497768896757762",
"1914948465609859203","Thu Apr 24 15:36:09 +0000 2025","0","@tvOneNews Kejaksaan bukan rumah tahanan kritik! #PembungkamanDemokrasi #PembungkamanPers","1915429563540398353","","tvOneNews","in","","0","0","0","https://x.com/undefined/status/1915429563540398353","1874497768896757762",
"1914948465609859203","Thu Apr 24 15:36:08 +0000 2025","0","@tvOneNews Gimana kalo di kasih kewenangan lebih ni instansi #PembungkamanDemokrasi #PembungkamanPers","1915429561057300939","","tvOneNews","in","","0","0","0","https://x.com/undefined/status/1915429561057300939","1896958764353568769",
"1914948465609859203","Thu Apr 24 15:35:56 +0000 2025","0","@tvOneNews Pejabat gila anti kritik! #PembungkamanDemokrasi #PembungkamanPers","1915429508062331038","","tvOneNews","in","","0","0","0","https://x.com/undefined/status/1915429508062331038","1896958764353568769",
"1914948465609859203","Thu Apr 24 15:35:52 +0000 2025","0","@tvOneNews Kalau bersih kenapa panik diberitakan? #PembungkamanDemokrasi #PembungkamanPers","1915429490815049759","","tvOneNews","in","","0","0","0","https://x.com/undefined/status/1915429490815049759","1874497768896757762",
"1914948465609859203","Thu Apr 24 15:35:46 +0000 2025","0","@tvOneNews Yang mengkritik di bungkam gilaa!! #PembungkamanDemokrasi #PembungkamanPers","1915429466991739135","","tvOneNews","in","","0","0","0","https://x.com/undefined/status/1915429466991739135","1896958764353568769",
"1914948465609859203","Thu Apr 24 15:35:37 +0000 2025","0","@tvOneNews Negara demokrasi instansi anti kritik #PembungkamanDemokrasi #PembungkamanPers","1915429429352030684","","tvOneNews","in","","0","0","0","https://x.com/undefined/status/1915429429352030684","1896958764353568769",
"1914948465609859203","Thu Apr 24 15:35:31 +0000 2025","0","@tvOneNews Kejaksaan sekarang bukan lagi penegak hukum tapi penegak perasaan tersinggung #PembungkamanDemokrasi #PembungkamanPers","1915429402877513798","","tvOneNews","in","","0","0","0","https://x.com/undefined/status/1915429402877513798","1874497768896757762",
"1915090748351058260","Thu Apr 24 15:35:27 +0000 2025","0","@AdhieMassardi Demokrasi butuh kebebasan bicara bukan intimidasi. Kejaksaan anying #PembungkamanDemokrasi #PembungkamanPers","1915429386448461834","","AdhieMassardi","in","","0","5","0","https://x.com/undefined/status/1915429386448461834","1903009260843520000",
"1914948465609859203","Thu Apr 24 15:35:26 +0000 2025","2","@tvOneNews Demokrasi butuh kebebasan bicara bukan intimidasi. #PembungkamanDemokrasi #PembungkamanPers","1915429382166110560","","TopengPublik__","in","","0","0","0","https://x.com/undefined/status/1915429382166110560","1831497367226601472",
"1914948465609859203","Thu Apr 24 15:35:23 +0000 2025","0","@tvOneNews Keadilan apa yang bisa kita harapkan kalau aparat hukum sendiri anti transparansi dan alergi kritik? #PembungkamanDemokrasi #PembungkamanPers","1915429369612558567","","tvOneNews","in","","0","0","0","https://x.com/undefined/status/1915429369612558567","1874497768896757762",
"1914948465609859203","Thu Apr 24 15:35:17 +0000 2025","0","@tvOneNews Kejaksaan anti kritik #PembungkamanDemokrasi #PembungkamanPers","1915429344597745954","","tvOneNews","in","","0","0","0","https://x.com/undefined/status/1915429344597745954","1896958764353568769",
"1914948465609859203","Thu Apr 24 15:35:15 +0000 2025","0","@tvOneNews Pers itu pilar demokrasi bukan musuh negara. Tapi Kejagung malah perlakukan mereka seperti teroris. #PembungkamanDemokrasi #PembungkamanPers","1915429336867573975","","tvOneNews","in","","0","0","0","https://x.com/undefined/status/1915429336867573975","1874497768896757762",
"1914948465609859203","Thu Apr 24 15:35:08 +0000 2025","0","@tvOneNews Ini bukan penegakan hukum ini penegakan ketakutan. Dan sayangnya Kejagung jadi alatnya #PembungkamanDemokrasi #PembungkamanPers","1915429307297783943","","tvOneNews","in","","0","0","0","https://x.com/undefined/status/1915429307297783943","1874497768896757762",
"1914948465609859203","Thu Apr 24 15:35:01 +0000 2025","0","@tvOneNews Kalau berita dianggap menyerang kenapa bukan dibantah dengan fakta? Kok malah dikriminalisasi? #PembungkamanDemokrasi #PembungkamanPers","1915429278134718830","","tvOneNews","in","","0","0","0","https://x.com/undefined/status/1915429278134718830","1874497768896757762",
"1914948465609859203","Thu Apr 24 15:34:50 +0000 2025","0","@tvOneNews Kejaksaan alergi kebenaran butuh periksa nurani. #PembungkamanDemokrasi #PembungkamanPers","1915429233389883742","","tvOneNews","in","","0","0","0","https://x.com/undefined/status/1915429233389883742","1874497768896757762",
"1915090748351058260","Thu Apr 24 15:34:50 +0000 2025","0","@dalihjk @AdhieMassardi Demokrasi butuh kebebasan bicara bukan intimidasi. Kejaksaan anying #PembungkamanDemokrasi #PembungkamanPers","1915429232332947499","","dalihjk","in","","0","1","0","https://x.com/undefined/status/1915429232332947499","1903009260843520000",
"1914948465609859203","Thu Apr 24 15:34:34 +0000 2025","0","@tvOneNews Kejaksaan alergi kebenaran butuh periksa nurani. #PembungkamanDemokrasi #PembungkamanPers","1915429163240214557","","tvOneNews","in","","0","0","0","https://x.com/undefined/status/1915429163240214557","1874740660781355008",
"1914948465609859203","Thu Apr 24 15:34:25 +0000 2025","0","@tvOneNews Saat pers dibungkam kejahatan dibiarkan merajalela. #PembungkamanDemokrasi #PembungkamanPers","1915429125994799378","","tvOneNews","in","","0","0","0","https://x.com/undefined/status/1915429125994799378","1874740660781355008",
"1914948465609859203","Thu Apr 24 15:34:14 +0000 2025","0","@tvOneNews Kejaksaan maunya media jadi corong bukan kontrol. #PembungkamanDemokrasi #PembungkamanPers","1915429078917931122","","tvOneNews","in","","0","0","0","https://x.com/undefined/status/1915429078917931122","1874740660781355008",
"1915090748351058260","Thu Apr 24 15:34:11 +0000 2025","0","@dudungtakdun9 @AdhieMassardi Demokrasi butuh kebebasan bicara bukan intimidasi. Kejaksaan anying #PembungkamanDemokrasi #PembungkamanPers","1915429066322395549","","dudungtakdun9","in","","0","0","0","https://x.com/undefined/status/1915429066322395549","1903009260843520000",
"1914948465609859203","Thu Apr 24 15:34:04 +0000 2025","0","@tvOneNews Jika kritik dianggap makar kita sedang dijajah diam-diam. #PembungkamanDemokrasi #PembungkamanPers","1915429037893394748","","tvOneNews","in","","0","0","0","https://x.com/undefined/status/1915429037893394748","1874740660781355008",
"1915090748351058260","Thu Apr 24 15:33:47 +0000 2025","0","@AdhieMassardi Demokrasi butuh kebebasan bicara bukan intimidasi. Kejaksaan anying #PembungkamanDemokrasi #PembungkamanPers","1915428967865344234","","secretinpublic_","in","","0","0","0","https://x.com/undefined/status/1915428967865344234","1903009260843520000",
"1915090748351058260","Thu Apr 24 15:33:33 +0000 2025","0","@ikhsan64391 @AdhieMassardi Demokrasi butuh kebebasan bicara bukan intimidasi. Kejaksaan anying #PembungkamanDemokrasi #PembungkamanPers","1915428907467391261","","ikhsan64391","in","","0","0","0","https://x.com/undefined/status/1915428907467391261","1903009260843520000",
"1915090748351058260","Thu Apr 24 15:33:24 +0000 2025","0","@AdhieMassardi Demokrasi butuh kebebasan bicara bukan intimidasi. Kejaksaan anying #PembungkamanDemokrasi #PembungkamanPers","1915428872751120852","","secretinpublic_","in","","0","0","0","https://x.com/undefined/status/1915428872751120852","1903009260843520000",
"1914915339210768455","Thu Apr 24 15:33:14 +0000 2025","0","@OniMeniq74 KEJAKSAAN TAI! #PembungkamanDemokrasi #PembungkamanPers","1915428830204006455","","OniqMonieq74","in","","0","0","0","https://x.com/undefined/status/1915428830204006455","1724349251361374208",
"1915428798222250042","Thu Apr 24 15:33:07 +0000 2025","12","KEJAKSAAN TAI! #PembungkamanDemokrasi #PembungkamanPers","1915428798222250042","","","in","","7","0","0","https://x.com/undefined/status/1915428798222250042","1724349251361374208",
"1915090748351058260","Thu Apr 24 15:32:59 +0000 2025","0","@AdhieMassardi KEJAKSAAN TAI! #PembungkamanDemokrasi #PembungkamanPers","1915428766131630374","","AdhieMassardi","in","","0","0","0","https://x.com/undefined/status/1915428766131630374","1724349251361374208",
"1915428724650238164","Thu Apr 24 15:32:49 +0000 2025","2","KEJAKSAAN TAI! #PembungkamanDemokrasi #PembungkamanPers","1915428724650238164","","","in","","0","0","0","https://x.com/undefined/status/1915428724650238164","1724349251361374208",
"1915090748351058260","Thu Apr 24 15:25:02 +0000 2025","0","@AdhieMassardi Harli bilang berita itu koreksi tapi Jaksa justru koreksi pakai borgol. #PembungkamanDemokrasi #PembungkamanPers","1915426767206310000","","AdhieMassardi","in","","0","0","0","https://x.com/undefined/status/1915426767206310000","1889348018190815232",
"1914603444842979331","Thu Apr 24 15:23:32 +0000 2025","0","@niwseir Demokrasi butuh kebebasan bicara bukan intimidasi. #PembungkamanDemokrasi #PembungkamanPers","1915426387625930968","","niwseir","in","","0","0","0","https://x.com/undefined/status/1915426387625930968","1876179039351971840",
"1914948465609859203","Thu Apr 24 14:58:34 +0000 2025","0","@tvOneNews Negara jaksa agung kali ini mah #Kejagung #PembungkamanDemokrasi #PembungkamanPers","1915420104629842030","","tvOneNews","in","","0","0","0","https://x.com/undefined/status/1915420104629842030","1876179039351971840",
"1914948465609859203","Thu Apr 24 14:44:51 +0000 2025","0","@tvOneNews Kejagung anti kritik! #PembungkamanDemokrasi #PembungkamanPers","1915416655112659014","","tvOneNews","in","","0","0","0","https://x.com/undefined/status/1915416655112659014","1889325899176374272",
"1914948465609859203","Thu Apr 24 14:44:35 +0000 2025","0","@tvOneNews Pejabat gila anti kritik! #PembungkamanDemokrasi #PembungkamanPers","1915416586338373796","","tvOneNews","in","","0","0","0","https://x.com/undefined/status/1915416586338373796","1889325899176374272",
"1914550126372405268","Thu Apr 24 14:44:30 +0000 2025","0","@fufufafagila @asumsico @KejaksaanRI Demokrasi butuh kebebasan bicara bukan intimidasi. #PembungkamanDemokrasi #PembungkamanPers","1915416565648134187","","fufufafagila","in","","0","1","0","https://x.com/undefined/status/1915416565648134187","1903009260843520000",
"1914948465609859203","Thu Apr 24 14:44:24 +0000 2025","0","@tvOneNews Gimana kalo di kasih kewenangan lebih ni instansi #PembungkamanDemokrasi #PembungkamanPers","1915416541732147531","","tvOneNews","in","","0","0","0","https://x.com/undefined/status/1915416541732147531","1889325899176374272",
"1914603444842979331","Thu Apr 24 14:43:18 +0000 2025","0","@xioliexiolie @niwseir Demokrasi butuh kebebasan bicara bukan intimidasi. #PembungkamanDemokrasi #PembungkamanPers","1915416262546735582","","xioliexiolie","in","","0","0","0","https://x.com/undefined/status/1915416262546735582","1903009260843520000",
"1914603444842979331","Thu Apr 24 14:43:01 +0000 2025","0","@niwseir Demokrasi butuh kebebasan bicara bukan intimidasi. #PembungkamanDemokrasi #PembungkamanPers","1915416193646866670","","niwseir","in","","0","0","0","https://x.com/undefined/status/1915416193646866670","1903009260843520000",
"1914948465609859203","Thu Apr 24 14:38:02 +0000 2025","0","@tvOneNews Demokrasi butuh kebebasan bicara bukan intimidasi. #PembungkamanDemokrasi #PembungkamanPers","1915414936022593716","","tvOneNews","in","","0","0","0","https://x.com/undefined/status/1915414936022593716","1903009260843520000",
"1915414814043889776","Thu Apr 24 14:37:33 +0000 2025","52","MARI SUARAKAN BERSAMA #PembungkamanPers #PembungkamanDemokrasi https://t.co/bU4ZwsOM4J","1915414814043889776","https://pbs.twimg.com/media/GpTrfgxbYAQfiVh.jpg","","in","","0","0","1","https://x.com/undefined/status/1915414814043889776","1724349251361374208",
"1915090748351058260","Thu Apr 24 14:35:22 +0000 2025","0","@dudungtakdun9 @AdhieMassardi Demokrasi butuh kebebasan bicara bukan intimidasi. #PembungkamanDemokrasi #PembungkamanPers","1915414268507558270","","dudungtakdun9","in","","0","0","0","https://x.com/undefined/status/1915414268507558270","1903009260843520000",
"1915090748351058260","Thu Apr 24 14:35:03 +0000 2025","0","@AdhieMassardi Demokrasi butuh kebebasan bicara bukan intimidasi. #PembungkamanDemokrasi #PembungkamanPers","1915414188064989425","","secretinpublic_","in","","0","2","0","https://x.com/undefined/status/1915414188064989425","1903009260843520000",
"1915090748351058260","Thu Apr 24 14:32:14 +0000 2025","0","@AdhieMassardi Demokrasi butuh kebebasan bicara bukan intimidasi. #PembungkamanDemokrasi #PembungkamanPers","1915413477268836827","","AdhieMassardi","in","","0","5","0","https://x.com/undefined/status/1915413477268836827","1903009260843520000",
"1915090748351058260","Thu Apr 24 14:25:49 +0000 2025","0","@AdhieMassardi Kejagung jancok #PembungkamanDemokrasi #PembungkamanPers","1915411861853659365","","AdhieMassardi","in","","0","0","0","https://x.com/undefined/status/1915411861853659365","1889348018190815232",
"1915090748351058260","Thu Apr 24 14:25:07 +0000 2025","0","@AdhieMassardi Bukan hukum ditegakkan tapi kebebasan dibekap. #PembungkamanDemokrasi #PembungkamanPers","1915411688154972249","","AdhieMassardi","in","","0","0","0","https://x.com/undefined/status/1915411688154972249","1889348018190815232",
"1915090748351058260","Thu Apr 24 14:24:59 +0000 2025","0","@AdhieMassardi Ketika jaksa takut debat hukum jadi alat dendam. #PembungkamanDemokrasi #PembungkamanPers","1915411652628910461","","AdhieMassardi","in","","0","0","0","https://x.com/undefined/status/1915411652628910461","1889348018190815232",
"1915400124181942338","Thu Apr 24 14:10:40 +0000 2025","0","@xandradwil #PembungkamanDemokrasi #PembungkamanPers Kejaksaan tai!!","1915408052653822289","","xandradwil","in","","0","0","0","https://x.com/undefined/status/1915408052653822289","1724349251361374208",
"1915400169438535793","Thu Apr 24 14:10:32 +0000 2025","0","@windakusmdw #PembungkamanDemokrasi #PembungkamanPers Kejaksaan tai!!","1915408016050180591","","windakusmdw","in","","0","0","0","https://x.com/undefined/status/1915408016050180591","1724349251361374208",
"1915401246951027037","Thu Apr 24 14:10:23 +0000 2025","0","@ayuwulandaridin #PembungkamanDemokrasi #PembungkamanPers Kejaksaan tai!!","1915407977470738860","","ayuwulandaridin","in","","0","0","0","https://x.com/undefined/status/1915407977470738860","1724349251361374208",
"1915401539725996052","Thu Apr 24 14:10:05 +0000 2025","0","@ehuwedddeeuh #PembungkamanDemokrasi #PembungkamanPers Kejaksaan tai!!","1915407902153859419","","ehuwedddeeuh","in","","0","0","0","https://x.com/undefined/status/1915407902153859419","1724349251361374208",
"1915401590338642132","Thu Apr 24 14:09:56 +0000 2025","0","@melatijelitacit #PembungkamanDemokrasi #PembungkamanPers Kejaksaan tai!!","1915407865877254266","","melatijelitacit","in","","0","0","0","https://x.com/undefined/status/1915407865877254266","1724349251361374208",
"1915402052680982705","Thu Apr 24 14:09:47 +0000 2025","0","@Fadianadewik #PembungkamanDemokrasi #PembungkamanPers Kejaksaan tai!!","1915407828669653364","","Fadianadewik","in","","0","0","0","https://x.com/undefined/status/1915407828669653364","1724349251361374208",
"1915402281211859018","Thu Apr 24 14:09:37 +0000 2025","0","@queeniedarasari #PembungkamanDemokrasi #PembungkamanPers Kejaksaan tai!!","1915407788383064518","","queeniedarasari","in","","0","0","0","https://x.com/undefined/status/1915407788383064518","1724349251361374208",
"1915402799979864530","Thu Apr 24 14:09:30 +0000 2025","0","@weniTriMaharani #PembungkamanDemokrasi #PembungkamanPers Kejaksaan tai!!","1915407755659055490","","weniTriMaharani","in","","0","0","0","https://x.com/undefined/status/1915407755659055490","1724349251361374208",
"1915403333638013344","Thu Apr 24 14:09:19 +0000 2025","0","@trinirmalaben #PembungkamanDemokrasi #PembungkamanPers Kejaksaan tai!!","1915407711401120125","","trinirmalaben","in","","0","0","0","https://x.com/undefined/status/1915407711401120125","1724349251361374208",
"1915403864930738307","Thu Apr 24 14:09:06 +0000 2025","0","@putriayuuu99 #PembungkamanDemokrasi #PembungkamanPers Kejaksaan tai!!","1915407655520334227","","putriayuuu99","in","","0","0","0","https://x.com/undefined/status/1915407655520334227","1724349251361374208",
"1915404546131845286","Thu Apr 24 14:08:54 +0000 2025","0","@Irendwilestari #PembungkamanDemokrasi #PembungkamanPers Kejaksaan tai!!","1915407607038435536","","Irendwilestari","in","","0","0","0","https://x.com/undefined/status/1915407607038435536","1724349251361374208",
"1915404652088271089","Thu Apr 24 14:08:49 +0000 2025","0","@zalfadutami #PembungkamanDemokrasi #PembungkamanPers Kejaksaan tai!!","1915407585962041349","","zalfadutami","in","","0","0","0","https://x.com/undefined/status/1915407585962041349","1724349251361374208",
"1915404873535025155","Thu Apr 24 14:08:43 +0000 2025","0","@elvnarzdewi #PembungkamanDemokrasi #PembungkamanPers Kejaksaan tai!!","1915407560636784988","","elvnarzdewi","in","","0","0","0","https://x.com/undefined/status/1915407560636784988","1724349251361374208",
"1915405237751369998","Thu Apr 24 14:08:38 +0000 2025","0","@Freyamutilesta #PembungkamanDemokrasi #PembungkamanPers Kejaksaan tai!!","1915407538171871285","","Freyamutilesta","in","","0","0","0","https://x.com/undefined/status/1915407538171871285","1724349251361374208",
"1915090748351058260","Thu Apr 24 13:44:46 +0000 2025","1","@AdhieMassardi Miris ketika suara berbeda justru dibungkam. Demokrasi seharusnya memberi ruang untuk semua bukan hanya yang sejalan #PembungkamanDemokrasi #PembungkamanPers","1915401534437023987","","AdhieMassardi","in","","0","3","0","https://x.com/undefined/status/1915401534437023987","1876203231724097536",
"1915090748351058260","Thu Apr 24 13:44:19 +0000 2025","1","@AdhieMassardi Setiap kritik mestinya dipandang sebagai bentuk perhatian bukan permusuhan. Demokrasi tumbuh subur jika ruang dialog tetap dijaga #PembungkamanDemokrasi #PembungkamanPers","1915401421463196061","","AdhieMassardi","in","","0","2","0","https://x.com/undefined/status/1915401421463196061","1876199272494108673",
"1915090748351058260","Thu Apr 24 13:44:02 +0000 2025","0","@AdhieMassardi Kejaksaan anti kritik #PembungkamanDemokrasi #PembungkamanPers","1915401350042599841","","AdhieMassardi","in","","0","0","0","https://x.com/undefined/status/1915401350042599841","1889325899176374272",
"1915090748351058260","Thu Apr 24 13:11:23 +0000 2025","1","@AdhieMassardi Terlalu berharap kejaksaan di atas segalanya ketika d kritik langsung ngebungkam #PembungkamanDemokrasi #PembungkamanPers","1915393133095051680","","AdhieMassardi","in","","0","0","0","https://x.com/undefined/status/1915393133095051680","1896958764353568769",
"1915090748351058260","Thu Apr 24 13:10:45 +0000 2025","1","@AdhieMassardi Negara demokrasi tapi instansi anti kritik #PembungkamanDemokrasi #PembungkamanPers","1915392970703937918","","AdhieMassardi","in","","0","1","0","https://x.com/undefined/status/1915392970703937918","1896958764353568769",
"1915090748351058260","Thu Apr 24 13:08:16 +0000 2025","1","@AdhieMassardi Gimana kalo di kasih kewenangan lebih ni instansi #PembungkamanDemokrasi #PembungkamanPers","1915392346298171636","","AdhieMassardi","in","","0","2","0","https://x.com/undefined/status/1915392346298171636","1896958764353568769",
"1915090748351058260","Thu Apr 24 13:07:16 +0000 2025","0","@AdhieMassardi Pejabat gila anti kritik! #PembungkamanDemokrasi #PembungkamanPers","1915392096565158053","","AdhieMassardi","in","","0","0","0","https://x.com/undefined/status/1915392096565158053","1896958764353568769",
"1915090748351058260","Thu Apr 24 13:05:06 +0000 2025","4","@AdhieMassardi Kejaksaan anti kritik #PembungkamanDemokrasi #PembungkamanPers","1915391549271408828","","AdhieMassardi","in","","0","4","0","https://x.com/undefined/status/1915391549271408828","1896958764353568769",
"1902889534356066689","Fri Mar 21 01:06:39 +0000 2025","0","Ketika styrofoam terbuka Hussein melihat isinya kepala babi. Langsung ia membawa kotak kardus tersebut keluar gedung. Setelah kotak kardus sudah dibuka semuanya terlihat ada kepala babi dengan kedua telinganya terpotong. #Tempo #MajalahTempo #PembungkamanPers #Pers","1902889560604021024","","duniasekitarmu","in","","0","1","0","https://x.com/undefined/status/1902889560604021024","1896624141694078976",
"1902889534356066689","Fri Mar 21 01:06:38 +0000 2025","0","Ketika Hussein membuka kotak itu. Ia mencium bau busuk saat baru membuka bagian atas kardus tersebut. #Tempo #MajalahTempo #PembungkamanPers #Pers","1902889553884860748","","duniasekitarmu","in","","0","1","0","https://x.com/undefined/status/1902889553884860748","1896624141694078976",
"1902889534356066689","Fri Mar 21 01:06:36 +0000 2025","0","Saat itu Cica yang baru pulang dari liputan bersama Hussein Abri Yusuf Muda Dongoran. Mendapat informasi ada paket kiriman untuknya lalu ia membawa kotak kardus tersebut ke dalam kantor. #Tempo #MajalahTempo #PembungkamanPers #Pers","1902889548222452082","","duniasekitarmu","in","","0","1","0","https://x.com/undefined/status/1902889548222452082","1896624141694078976",
"1902889534356066689","Fri Mar 21 01:06:35 +0000 2025","0","Kotak berisi kepala babi tersebut ditujukan kepada Cica wartawan desk politik dan host siniar Bocor Alus Politik. #Tempo #MajalahTempo #PembungkamanPers #Pers","1902889541721329850","","duniasekitarmu","in","","0","1","0","https://x.com/undefined/status/1902889541721329850","1896624141694078976",
"1902889534356066689","Fri Mar 21 01:06:34 +0000 2025","0","Rabu 19 Maret 2025 Kantor Tempo mendapatkan kiriman paket berupa kepala babi yang disimpan dalam sebuah kardus kotak yang dilapisi dengan styrofoam. #Tempo #MajalahTempo #PembungkamanPers #Pers","1902889537283760615","","duniasekitarmu","in","","0","1","0","https://x.com/undefined/status/1902889537283760615","1896624141694078976",
"1891455959748190227","Mon Feb 17 11:53:37 +0000 2025","0","#PembungkamanPERS Tidak ada seekor pun media online yg liput Demo #IndonesiaGelap https://t.co/D58ueVHHLP","1891455959748190227","https://pbs.twimg.com/media/Gj_NK8XaIAAXKVl.jpg","","in","","0","0","0","https://x.com/undefined/status/1891455959748190227","1548874746083053569",
